,Quetta,Karachi,Peshawar,Islamabad,Lahore,Multan
Match # 1,1,0,0,0,0,0
Match # 2,1,1,0,0,0,0
Match # 3,1,1,1,0,0,0
Match # 4,2,1,1,0,0,0
Match # 5,2,1,2,0,0,0
Match # 6,2,1,2,1,0,0
Match # 7,3,1,2,1,0,0
Match # 8,3,1,2,1,1,0
Match # 9,3,1,2,2,1,0
Match # 10,3,1,3,2,1,0
Match # 11,4,1,3,2,1,0
Match # 12,4,2,3,2,1,0
Match # 13,4,2,4,2,1,0
Match # 14,5,2,4,2,1,0
Match # 15,5,2,4,2,2,0
Match # 16,5,2,4,3,2,0
Match # 17,5,2,5,3,2,0
Match # 18,6,2,5,3,2,0
Match # 19,6,2,6,3,2,0
Match # 20,6,2,6,4,2,0
Match # 21,7,2,6,4,2,0
Match # 22,7,2,6,5,2,0
Match # 23,7,2,6,6,2,0
Match # 24,7,2,6,7,2,0
Match # 25,7,2,6,8,2,0
Match # 26,7,2,7,8,2,0
Match # 27,7,2,7,8,3,0
Match # 28,8,2,7,8,3,0
Match # 29,8,2,8,8,3,0
Match # 30,8,2,8,9,3,0
Match # 31,8,2,8,9,4,0
Match # 32,8,3,8,9,4,0
Match # 33,9,3,8,9,4,0
Match # 34,9,3,8,10,4,0
Match # 35,9,4,8,10,4,0
Match # 36,9,4,8,10,5,0
Match # 37,10,4,8,10,5,0
Match # 38,10,4,9,10,5,0
Match # 39,10,4,9,11,5,0
Match # 40,10,5,9,11,5,0
Match # 41,10,5,10,11,5,0
Match # 42,10,6,10,11,5,0
Match # 43,11,6,10,11,5,0
Match # 44,11,7,10,11,5,0
Match # 45,11,7,11,11,5,0
Match # 46,11,7,12,11,5,0
Match # 47,11,7,12,11,5,1
Match # 48,11,8,12,11,5,1
Match # 49,11,8,12,11,5,2
Match # 50,11,8,13,11,5,2
Match # 51,12,8,13,11,5,2
Match # 52,12,8,13,12,5,2
Match # 53,12,9,13,12,5,2
Match # 54,12,10,13,12,5,2
Match # 55,13,10,13,12,5,2
Match # 56,13,10,14,12,5,2
Match # 57,13,10,14,13,5,2
Match # 58,13,10,14,13,5,3
Match # 59,13,10,15,13,5,3
Match # 60,13,10,15,14,5,3
Match # 61,13,10,15,14,5,4
Match # 62,14,10,15,14,5,4
Match # 63,14,10,15,15,5,4
Match # 64,15,10,15,15,5,4
Match # 65,15,10,15,15,6,4
Match # 66,15,10,15,16,6,4
Match # 67,15,11,15,16,6,4
Match # 68,16,11,15,16,6,4
Match # 69,16,11,15,16,7,4
Match # 70,16,11,15,17,7,4
Match # 71,16,11,15,17,8,4
Match # 72,16,11,16,17,8,4
Match # 73,16,11,16,18,8,4
Match # 74,16,11,17,18,8,4
Match # 75,16,12,17,18,8,4
Match # 76,16,12,17,19,8,4
Match # 77,16,12,18,19,8,4
Match # 78,16,12,19,19,8,4
Match # 79,16,12,19,20,8,4
Match # 80,16,12,19,21,8,4
Match # 81,16,13,19,21,8,4
Match # 82,17,13,19,21,8,4
Match # 83,17,13,19,21,8,5
Match # 84,17,13,19,21,9,5
Match # 85,18,13,19,21,9,5
Match # 86,18,13,20,21,9,5
Match # 87,19,13,20,21,9,5
Match # 88,19,13,21,21,9,5
Match # 89,19,13,21,21,10,5
Match # 90,19,13,21,22,10,5
Match # 91,20,13,21,22,10,5
Match # 92,20,13,21,23,10,5
Match # 93,20,13,22,23,10,5
Match # 94,20,14,22,23,10,5
Match # 95,20,14,22,23,10,6
Match # 96,20,14,22,23,11,6
Match # 97,20,14,22,24,11,6
Match # 98,20,14,23,24,11,6
Match # 99,20,15,23,24,11,6
Match # 100,20,15,24,24,11,6
Match # 101,21,15,24,24,11,6
Match # 102,22,15,24,24,11,6
Match # 103,22,16,24,24,11,6
Match # 104,22,16,25,24,11,6
Match # 105,23,16,25,24,11,6
Match # 106,23,16,25,25,11,6
Match # 107,23,17,25,25,11,6
Match # 108,23,17,25,25,11,7
Match # 109,23,17,26,25,11,7
Match # 110,24,17,26,25,11,7
Match # 111,24,17,26,26,11,7
Match # 112,24,17,27,26,11,7
Match # 113,25,17,27,26,11,7
Match # 114,26,17,27,26,11,7
Match # 115,26,18,27,26,11,7
Match # 116,26,18,27,26,11,8
Match # 117,26,18,28,26,11,8
Match # 118,26,18,28,27,11,8
Match # 119,27,18,28,27,11,8
Match # 120,27,18,28,28,11,8
Match # 121,27,18,28,28,11,9
Match # 122,28,18,28,28,11,9
Match # 123,28,18,28,28,11,10
Match # 124,28,18,29,28,11,10
Match # 125,28,18,29,28,11,11
Match # 126,28,19,29,28,11,11
Match # 127,28,20,29,28,11,11
Match # 128,28,20,29,28,12,11
Match # 129,28,20,29,29,12,11
Match # 130,28,20,30,29,12,11
Match # 131,28,20,31,29,12,11
Match # 132,28,20,31,29,13,11
Match # 133,28,20,31,29,13,12
Match # 134,28,20,31,29,14,12
Match # 135,28,20,31,29,15,12
Match # 136,28,21,31,29,15,12
Match # 137,28,21,31,29,15,13
Match # 138,28,22,31,29,15,13
Match # 139,28,22,31,29,16,13
Match # 140,29,22,31,29,16,13
Match # 141,29,23,31,29,16,13
Match # 142,29,23,31,29,17,13
Match # 143,29,23,31,29,18,13
Match # 144,29,24,31,29,18,13
Match # 145,29,25,31,29,18,13
Match # 146,29,25,31,29,19,13
Match # 147,29,25,31,30,19,13
Match # 148,29,25,31,30,20,13
Match # 149,29,25,32,30,20,13
Match # 150,29,25,32,31,20,13
Match # 151,29,25,32,31,20,14
Match # 152,29,25,33,31,20,14
Match # 153,29,26,33,31,20,14
Match # 154,29,26,34,31,20,14
Match # 155,29,26,34,31,21,14
Match # 156,29,26,34,32,21,14
Match # 157,29,27,34,32,21,14
Match # 158,30,27,34,32,21,14
Match # 159,30,27,34,32,22,14
Match # 160,30,27,34,32,22,15
Match # 161,30,27,34,32,23,15
Match # 162,30,27,34,33,23,15
Match # 163,30,27,35,33,23,15
Match # 164,30,27,35,34,23,15
Match # 165,30,27,35,34,23,16
Match # 166,30,27,35,35,23,16
Match # 167,31,27,35,35,23,16
Match # 168,31,27,36,35,23,16
Match # 169,31,27,36,35,23,17
Match # 170,31,27,36,36,23,17
Match # 171,31,28,36,36,23,17
Match # 172,31,28,36,36,23,18
Match # 173,31,29,36,36,23,18
Match # 174,31,29,36,37,23,18
Match # 175,31,29,36,37,23,19
Match # 176,31,29,37,37,23,19
Match # 177,31,29,38,37,23,19
Match # 178,31,29,38,37,23,20
Match # 179,31,29,38,37,23,21
Match # 180,31,29,39,37,23,21
Match # 181,31,29,39,37,23,22
Match # 182,32,29,39,37,23,22
Match # 183,32,29,39,38,23,22
Match # 184,32,29,39,38,24,22
Match # 185,32,29,39,38,24,23
Match # 186,32,29,39,38,24,24
Match # 187,32,29,39,38,25,24
Match # 188,32,29,39,39,25,24
Match # 189,32,29,40,39,25,24
Match # 190,32,29,40,39,26,24
Match # 191,32,29,40,39,26,25
Match # 192,32,29,40,40,26,25
Match # 193,33,29,40,40,26,25
Match # 194,33,29,40,40,26,26
Match # 195,33,29,40,40,27,26
Match # 196,34,29,40,40,27,26
Match # 197,34,29,41,40,27,26
Match # 198,34,29,41,40,28,26
Match # 199,34,29,41,41,28,26
Match # 200,34,29,42,41,28,26
Match # 201,34,29,42,41,28,27
Match # 202,34,29,43,41,28,27
Match # 203,34,29,43,41,28,28
Match # 204,34,30,43,41,28,28
Match # 205,34,30,43,41,29,28
Match # 206,35,30,43,41,29,28
Match # 207,35,30,43,41,29,29
Match # 208,35,30,44,41,29,29
Match # 209,35,30,44,41,29,30
Match # 210,35,30,44,42,29,30
Match # 211,35,30,44,42,30,30
Match # 212,35,30,44,42,31,30
Match # 213,35,30,44,42,32,30
Match # 214,35,30,45,42,32,30
Match # 215,35,30,45,42,32,31
Match # 216,35,30,45,43,32,31
Match # 217,35,30,45,43,32,32
Match # 218,36,30,45,43,32,32
Match # 219,36,30,45,43,32,33
Match # 220,36,31,45,43,32,33
Match # 221,36,31,46,43,32,33
Match # 222,36,31,46,43,33,33
Match # 223,36,31,46,43,33,34
Match # 224,36,31,46,44,33,34
Match # 225,36,31,46,45,33,34
Match # 226,36,32,46,45,33,34
Match # 227,36,32,46,45,34,34
Match # 228,36,32,46,45,35,34
Match # 229,36,32,47,45,35,34
Match # 230,36,32,47,45,36,34
Match # 231,36,32,47,46,36,34
Match # 232,36,32,47,46,37,34
Match # 233,36,32,47,47,37,34
Match # 234,37,32,47,47,37,34
Match # 235,37,32,48,47,37,34
Match # 236,37,32,48,48,37,34
Match # 237,38,32,48,48,37,34
Match # 238,38,32,48,48,38,34
Match # 239,38,32,48,48,38,35
Match # 240,38,32,48,48,38,36
Match # 241,38,32,49,48,38,36
Match # 242,38,33,49,48,38,36
Match # 243,38,33,49,48,38,37
Match # 244,38,33,50,48,38,37
Match # 245,38,33,50,48,39,37
Match # 246,38,33,50,48,40,37
Match # 247,38,33,50,49,40,37
Match # 248,39,33,50,49,40,37
Match # 249,39,33,50,49,40,38
Match # 250,40,33,50,49,40,38
Match # 251,40,33,50,49,40,39
Match # 252,40,34,50,49,40,39
Match # 253,40,34,50,49,40,40
Match # 254,41,34,50,49,40,40
Match # 255,41,34,51,49,40,40
Match # 256,41,35,51,49,40,40
Match # 257,41,35,51,49,40,41
Match # 258,41,35,52,49,40,41
Match # 259,41,35,53,49,40,41
Match # 260,41,35,53,49,40,42
Match # 261,41,35,53,50,40,42
Match # 262,42,35,53,50,40,42
Match # 263,42,35,53,50,40,43
Match # 264,42,35,53,51,40,43
Match # 265,42,35,54,51,40,43
Match # 266,42,36,54,51,40,43
Match # 267,42,36,54,51,41,43
Match # 268,42,36,54,52,41,43
Match # 269,42,36,55,52,41,43
Match # 270,42,37,55,52,41,43
Match # 271,42,37,55,53,41,43
Match # 272,43,37,55,53,41,43
Match # 273,43,37,56,53,41,43
Match # 274,43,37,56,53,41,44
Match # 275,43,37,56,53,41,45
Match # 276,43,37,56,54,41,45
Match # 277,43,37,56,55,41,45
Match # 278,43,37,56,56,41,45
