matches,innings,not_outs,runs,high_score,average,balls_faced,strike_rate,centuries,fifties,ducks,fours,player_name,teams_played,num_teams,span_start,span_end,career_yrs,hs_not_out,runs_per_match,boundary_runs,boundary_pct,innings_per_match,not_out_rate,duck_rate,conversion_rate,career_stage,franchise_loyalty,bat_efficiency_score
90,88,11,3504,115.0,45.5,2750,127.41,2,33,8,386,Babar Azam,IU/KK/PZ,3,2016,2024,8,False,38.93,1544,44.1,0.978,12.5,9.1,5.7,Veteran,Versatile,78.26
84,84,1,2525,115.0,30.42,1800,140.27,2,19,5,237,Fakhar Zaman,LQ,1,2017,2024,7,False,30.06,948,37.5,1.0,1.2,6.0,9.5,Veteran,Loyal,58.54
83,72,14,2403,110.0,41.43,1885,127.48,1,20,5,216,Mohammad Rizwan,KK/LQ/MS,3,2016,2024,8,True,28.95,864,36.0,0.867,19.4,6.9,4.8,Veteran,Versatile,63.44
91,87,17,2336,73.0,33.37,1824,128.07,0,15,4,169,Shoaib Malik,KK/MS/PZ,3,2016,2024,8,False,25.67,676,28.9,0.956,19.5,4.6,0.0,Veteran,Versatile,55.9
84,80,17,2015,121.0,31.98,1412,142.7,2,10,4,192,RR Rossouw,MS/QG,2,2017,2024,7,False,23.99,768,38.1,0.952,21.2,5.0,16.7,Veteran,Versatile,55.31
75,74,2,1972,107.0,27.38,1440,136.94,3,12,8,213,Kamran Akmal,PZ,1,2016,2022,6,True,26.29,852,43.2,0.987,2.7,10.8,20.0,Veteran,Loyal,49.33
78,74,11,1731,98.0,27.47,1391,124.44,0,9,5,159,Mohammad Hafeez,LQ/PZ/QG,3,2016,2023,7,True,22.19,636,36.7,0.949,14.9,6.8,0.0,Veteran,Versatile,43.6
86,73,21,1525,81.0,29.32,1243,122.68,0,7,2,136,Sarfaraz Ahmed,QG,1,2016,2024,8,False,17.73,544,35.7,0.849,28.8,2.7,0.0,Veteran,Loyal,42.62
53,52,0,1476,88.0,28.38,1134,130.15,0,9,2,178,Shan Masood,KK/MS,2,2019,2024,5,False,27.85,712,48.2,0.981,0.0,3.8,0.0,Developing,Versatile,43.3
47,47,4,1417,90.0,32.95,941,150.58,0,12,4,131,C Munro,IU/KK,2,2019,2024,5,True,30.15,524,37.0,1.0,8.5,8.5,0.0,Developing,Versatile,52.12
46,46,4,1361,91.0,32.4,982,138.59,0,9,2,123,SR Watson,IU/QG,2,2016,2020,4,True,29.59,492,36.1,1.0,8.7,4.3,0.0,Developing,Versatile,47.86
38,38,3,1260,145.0,36.0,860,146.51,2,8,3,149,JJ Roy,LQ/QG,2,2017,2024,7,True,33.16,596,47.3,1.0,7.9,7.9,20.0,Veteran,Versatile,52.07
84,70,9,1240,91.0,20.32,890,139.32,0,8,7,84,Shadab Khan,IU,1,2017,2024,7,False,14.76,336,27.1,0.833,12.9,10.0,0.0,Veteran,Loyal,36.32
90,72,26,1212,92.0,26.34,869,139.47,0,6,12,112,Imad Wasim,IU/KK,2,2016,2024,8,True,13.47,448,37.0,0.8,36.1,16.7,0.0,Veteran,Versatile,41.3
82,72,18,1202,75.0,22.25,768,156.51,0,3,3,70,Asif Ali,IU/PZ,2,2016,2024,8,False,14.66,280,23.3,0.878,25.0,4.2,0.0,Veteran,Versatile,42.2
44,42,2,1180,82.0,29.5,837,140.97,0,6,3,135,AD Hales,IU/KK,2,2018,2024,6,True,26.82,540,45.8,0.955,4.8,7.1,0.0,Veteran,Versatile,44.12
45,45,3,1166,84.0,27.76,853,136.69,0,4,4,144,JM Vince,KK/MS/QG,3,2016,2024,8,False,25.91,576,49.4,1.0,6.7,8.9,0.0,Veteran,Versatile,41.32
53,48,18,1149,73.0,38.3,708,162.28,0,6,2,79,KA Pollard,KK/MS/PZ,3,2017,2024,7,False,21.68,316,27.5,0.906,37.5,4.2,0.0,Veteran,Versatile,57.14
54,50,5,1140,97.0,25.33,776,146.9,0,6,5,100,Azam Khan,IU/QG,2,2019,2024,5,False,21.11,400,35.1,0.926,10.0,10.0,0.0,Developing,Versatile,41.67
49,48,2,1127,117.0,24.5,805,140.0,2,4,5,101,Sharjeel Khan,IU/KK,2,2016,2023,7,False,23.0,404,35.8,0.98,4.2,10.4,33.3,Veteran,Versatile,38.97
45,43,2,1077,99.0,26.26,897,120.06,0,9,4,109,Ahmed Shehzad,MS/QG,2,2016,2020,4,False,23.93,436,40.5,0.956,4.7,9.3,0.0,Developing,Versatile,34.66
45,43,8,1045,85.0,29.85,810,129.01,0,8,3,90,Sohaib Maqsood,IU/LQ/MS/PZ,4,2016,2023,7,True,23.22,360,34.4,0.956,18.6,7.0,0.0,Veteran,Journeyman,39.84
70,61,18,1036,71.0,24.09,780,132.82,0,5,4,74,Iftikhar Ahmed,IU/KK/MS/PZ/QG,5,2016,2024,8,True,14.8,296,28.6,0.871,29.5,6.6,0.0,Veteran,Journeyman,35.77
43,40,6,1029,93.0,30.26,713,144.31,0,8,3,78,Umar Akmal,LQ/QG,2,2016,2023,7,False,23.93,312,30.3,0.93,15.0,7.5,0.0,Veteran,Versatile,44.12
31,31,3,1020,94.0,36.42,614,166.12,0,10,4,116,L Ronchi,IU,1,2018,2020,2,True,32.9,464,45.5,1.0,9.7,12.9,0.0,Early Career,Loyal,55.21
61,50,8,965,63.0,22.97,793,121.68,0,4,2,80,Hussain Talat,IU/LQ/PZ,3,2017,2024,7,False,15.82,320,33.2,0.82,16.0,4.0,0.0,Veteran,Versatile,31.09
39,38,2,873,117.0,24.25,688,126.88,1,5,6,80,CS Delport,IU/KK/LQ/QG,4,2016,2021,5,True,22.38,320,36.7,0.974,5.3,15.8,16.7,Developing,Journeyman,32.64
37,35,8,819,127.0,30.33,558,146.77,1,3,2,69,CA Ingram,IU/KK,2,2018,2021,3,True,22.14,276,33.7,0.946,22.9,5.7,25.0,Developing,Versatile,42.69
84,64,17,816,52.0,17.36,713,114.44,0,1,3,72,Mohammad Nawaz,KK/QG,2,2016,2024,8,False,9.71,288,35.3,0.762,26.6,4.7,0.0,Veteran,Versatile,22.75
44,42,9,808,75.0,24.48,656,123.17,0,3,2,79,Sohail Akhtar,LQ,1,2018,2022,4,False,18.36,316,39.1,0.955,21.4,4.8,0.0,Developing,Loyal,31.19
72,55,20,803,55.0,22.94,555,144.68,0,3,3,68,Faheem Ashraf,IU,1,2018,2024,6,False,11.15,272,33.9,0.764,36.4,5.5,0.0,Veteran,Loyal,35.54
30,30,0,800,88.0,26.66,530,150.94,0,7,3,77,Saim Ayub,PZ/QG,2,2021,2024,3,False,26.67,308,38.5,1.0,0.0,10.0,0.0,Developing,Versatile,40.42
39,36,9,775,71.0,28.7,658,117.78,0,5,1,63,RS Bopara,KK/MS/PZ,3,2016,2021,5,True,19.87,252,32.5,0.923,25.0,2.8,0.0,Developing,Versatile,33.07
41,40,6,769,69.0,22.61,564,136.34,0,4,5,71,Haider Ali,IU/KK/PZ,3,2020,2024,4,False,18.76,284,36.9,0.976,15.0,12.5,0.0,Developing,Versatile,32.68
17,17,3,747,120.0,53.35,469,159.27,3,3,2,88,Usman Khan,MS/QG,2,2021,2024,3,False,43.94,352,47.1,1.0,17.6,11.8,50.0,Developing,Versatile,65.29
28,25,4,701,73.0,33.38,611,114.72,0,5,1,67,DR Smith,IU/PZ/QG,3,2016,2019,3,False,25.04,268,38.2,0.893,16.0,4.0,0.0,Developing,Versatile,35.56
59,48,20,693,70.0,24.75,492,140.85,0,1,1,48,Khushdil Shah,MS/PZ,2,2017,2024,7,True,11.75,192,27.7,0.814,41.7,2.1,0.0,Veteran,Versatile,34.96
49,39,12,691,48.0,25.59,472,146.39,0,0,2,48,DJG Sammy,PZ,1,2016,2020,4,False,14.1,192,27.8,0.796,30.8,5.1,,Developing,Loyal,37.15
26,26,2,678,75.0,28.25,499,135.87,0,5,1,59,Abdullah Shafique,LQ,1,2022,2024,2,False,26.08,236,34.8,1.0,7.7,3.8,0.0,Early Career,Loyal,36.52
27,26,1,658,85.0,26.32,384,171.35,0,3,2,67,Mohammad Haris,PZ,1,2022,2024,2,False,24.37,268,40.7,0.963,3.8,7.7,0.0,Early Career,Loyal,44.12
25,25,3,631,64.0,28.68,516,122.28,0,5,2,58,DJ Malan,IU/MS/PZ,3,2016,2024,8,False,25.24,232,36.8,1.0,12.0,8.0,0.0,Veteran,Versatile,32.78
53,45,20,629,48.0,25.16,388,162.11,0,0,3,40,D Wiese,KK/LQ,2,2018,2024,6,True,11.87,160,25.4,0.849,44.4,6.7,,Veteran,Versatile,40.34
24,23,1,613,65.0,27.86,485,126.39,0,5,2,64,KC Sangakkara,KK/MS/QG,3,2016,2018,2,False,25.54,256,41.8,0.958,4.3,8.7,0.0,Early Career,Versatile,32.98
27,25,2,611,88.0,26.56,439,139.17,0,4,4,43,KP Pietersen,QG,1,2016,2018,2,True,22.63,172,28.2,0.926,8.0,16.0,0.0,Early Career,Loyal,35.25
20,20,4,605,80.0,37.81,535,113.08,0,4,0,61,Tamim Iqbal,LQ/PZ,2,2016,2020,4,True,30.25,244,40.3,1.0,20.0,0.0,0.0,Developing,Versatile,37.99
22,22,8,605,71.0,43.21,337,179.52,0,4,0,40,TH David,LQ/MS,2,2021,2023,2,False,27.5,160,26.4,1.0,36.4,0.0,0.0,Early Career,Versatile,60.43
30,27,5,596,99.0,27.09,412,144.66,0,3,0,41,BR Dunk,KK/LQ,2,2019,2022,3,True,19.87,164,27.5,0.9,18.5,0.0,0.0,Developing,Versatile,37.02
30,29,7,588,70.0,26.72,399,147.36,0,3,2,39,SE Rutherford,KK/PZ/QG,3,2020,2024,4,True,19.6,156,26.5,0.967,24.1,6.9,0.0,Developing,Versatile,37.34
27,27,2,586,92.0,23.44,430,136.27,0,4,2,50,T Kohler-Cadmore,PZ/QG,2,2018,2024,6,False,21.7,200,34.1,1.0,7.4,7.4,0.0,Veteran,Versatile,31.5
22,22,0,542,59.0,24.63,436,124.31,0,5,2,50,Imam-ul-Haq,PZ,1,2019,2021,2,False,24.64,200,36.9,1.0,0.0,9.1,0.0,Early Career,Loyal,28.89
27,26,2,529,64.0,22.04,441,119.95,0,3,0,46,Agha Salman,IU/LQ,2,2018,2024,6,True,19.59,184,34.8,0.963,7.7,0.0,0.0,Veteran,Versatile,25.34
18,18,1,519,117.0,30.52,372,139.51,1,3,2,51,MJ Guptill,IU/KK/QG,3,2021,2024,3,False,28.83,204,39.3,1.0,5.6,11.1,25.0,Developing,Versatile,37.83
13,13,2,512,104.0,46.54,351,145.86,1,3,0,41,HE van der Dussen,IU/LQ,2,2023,2024,1,True,39.38,164,32.0,1.0,15.4,0.0,25.0,Early Career,Versatile,53.38
29,22,6,507,61.0,31.68,453,111.92,0,2,0,42,Misbah-ul-Haq,IU/PZ,2,2016,2019,3,True,17.48,168,33.1,0.759,27.3,0.0,0.0,Developing,Versatile,31.35
27,26,6,504,64.0,25.2,327,154.12,0,1,3,43,R Powell,PZ,1,2021,2024,3,False,18.67,172,34.1,0.963,23.1,11.5,0.0,Developing,Loyal,36.96
27,26,5,481,53.0,22.9,306,157.18,0,2,4,33,BCJ Cutting,KK/PZ/QG,3,2020,2023,3,False,17.81,132,27.4,0.963,19.2,15.4,0.0,Developing,Versatile,35.54
33,27,4,471,62.0,20.47,376,125.26,0,2,2,32,LA Dawson,IU/LQ/PZ,3,2018,2023,5,False,14.27,128,27.2,0.818,14.8,7.4,0.0,Developing,Versatile,24.8
53,38,8,469,54.0,15.63,311,150.8,0,1,5,23,Shahid Afridi,KK/MS/PZ/QG,4,2016,2022,6,False,8.85,92,19.6,0.717,21.1,13.2,0.0,Veteran,Journeyman,27.4
23,22,3,468,82.0,24.63,353,132.57,0,4,3,35,LS Livingstone,KK/PZ,2,2019,2022,3,False,20.35,140,29.9,0.957,13.6,13.6,0.0,Developing,Versatile,30.34
22,21,3,457,72.0,25.38,381,119.94,0,3,1,49,Sahibzada Farhan,IU/KK/LQ,3,2018,2024,6,True,20.77,196,42.9,0.955,14.3,4.8,0.0,Veteran,Versatile,27.5
38,24,8,455,71.0,28.43,374,121.65,0,1,0,54,SR Patel,IU/LQ,2,2018,2022,4,False,11.97,216,47.5,0.632,33.3,0.0,0.0,Developing,Versatile,30.59
27,25,4,451,48.0,21.47,323,139.62,0,0,3,36,CAK Walton,IU/KK,2,2018,2021,3,False,16.7,144,31.9,0.926,16.0,12.0,,Developing,Versatile,29.3
19,18,1,444,73.0,26.11,335,132.53,0,3,0,49,Ahsan Ali,QG,1,2019,2022,3,False,23.37,196,44.1,0.947,5.6,0.0,0.0,Developing,Loyal,31.37
18,16,1,435,57.0,29.0,283,153.71,0,3,2,45,J Charles,MS,1,2019,2024,5,False,24.17,180,41.4,0.889,6.2,12.5,0.0,Developing,Loyal,39.44
21,20,1,419,55.0,22.05,361,116.06,0,1,1,36,Kamran Ghulam,IU/LQ,2,2016,2024,8,True,19.95,144,34.4,0.952,5.0,5.0,0.0,Veteran,Versatile,23.18
20,19,3,402,78.0,25.12,306,131.37,0,2,2,38,SW Billings,IU/LQ,2,2016,2023,7,True,20.1,152,37.8,0.95,15.8,10.5,0.0,Veteran,Versatile,29.77
12,12,0,382,77.0,31.83,250,152.8,0,4,2,45,Hazratullah Zazai,PZ,1,2021,2022,1,False,31.83,180,47.1,1.0,0.0,16.7,0.0,Early Career,Loyal,41.12
16,16,0,370,68.0,23.12,271,136.53,0,2,2,24,CH Gayle,KK/LQ/QG,3,2016,2021,5,False,23.12,96,25.9,1.0,0.0,12.5,0.0,Developing,Versatile,29.08
88,54,21,359,33.0,10.87,280,128.21,0,0,10,31,Wahab Riaz,PZ,1,2016,2023,7,True,4.08,124,34.5,0.614,38.9,18.5,,Veteran,Loyal,16.1
14,13,1,354,79.0,29.5,287,123.34,0,3,2,42,JL Denly,KK/LQ,2,2018,2021,3,True,25.29,168,47.5,0.929,7.7,15.4,0.0,Developing,Versatile,30.93
22,18,4,350,67.0,25.0,245,142.85,0,2,1,31,Mohammad Nabi,KK/QG,2,2016,2022,6,False,15.91,124,35.4,0.818,22.2,5.6,0.0,Veteran,Versatile,32.19
23,22,7,337,71.0,22.46,230,146.52,0,1,1,29,Sikandar Raza,KK/LQ,2,2019,2024,5,True,14.65,116,34.4,0.957,31.8,4.5,0.0,Developing,Versatile,30.83
21,18,4,332,61.0,23.71,307,108.14,0,2,2,36,Umar Amin,IU/PZ/QG,3,2016,2021,5,True,15.81,144,43.4,0.857,22.2,11.1,0.0,Developing,Versatile,21.62
71,35,9,328,55.0,12.61,233,140.77,0,2,7,18,Shaheen Shah Afridi,LQ,1,2018,2024,6,False,4.62,72,22.0,0.493,25.7,20.0,0.0,Veteran,Loyal,20.65
17,17,4,327,73.0,25.15,250,130.8,0,4,2,25,BJ Haddin,IU,1,2016,2017,1,False,19.24,100,30.6,1.0,23.5,11.8,0.0,Early Career,Loyal,28.87
10,10,1,323,88.0,35.88,228,141.66,0,2,1,31,Saud Shakeel,QG,1,2024,2024,0,True,32.3,124,38.4,1.0,10.0,10.0,0.0,Single Season,Loyal,41.05
50,36,14,323,28.0,14.68,229,141.04,0,0,0,19,Anwar Ali,KK/MS/QG,3,2016,2024,8,True,6.46,76,23.5,0.72,38.9,0.0,,Veteran,Versatile,22.47
61,37,18,321,36.0,16.89,295,108.81,0,0,2,22,Sohail Tanvir,KK/LQ/MS/QG,4,2016,2022,6,True,5.26,88,27.4,0.607,48.6,5.4,,Veteran,Journeyman,15.75
12,12,1,318,113.0,28.9,183,173.77,1,1,2,38,CA Lynn,LQ/MS,2,2020,2021,1,True,26.5,152,47.8,1.0,8.3,16.7,50.0,Early Career,Versatile,43.52
15,15,1,318,62.0,22.71,199,159.79,0,1,1,28,Rahmanullah Gurbaz,IU/MS,2,2021,2023,2,False,21.2,112,35.2,1.0,6.7,6.7,0.0,Early Career,Versatile,34.4
10,10,0,315,99.0,31.5,234,134.61,0,2,1,36,WCF Smeed,QG,1,2022,2023,1,False,31.5,144,45.7,1.0,0.0,10.0,0.0,Early Career,Loyal,35.28
18,17,2,311,44.0,20.73,272,114.33,0,0,3,28,BB McCullum,LQ,1,2017,2018,1,False,17.28,112,36.0,0.944,11.8,17.6,,Early Career,Loyal,20.46
8,8,1,304,79.0,43.42,226,134.51,0,3,0,34,RR Hendricks,MS,1,2024,2024,0,True,38.0,136,44.7,1.0,12.5,0.0,0.0,Single Season,Loyal,45.5
13,12,1,295,54.0,26.81,215,137.2,0,2,1,25,JM Clarke,KK,1,2021,2022,1,False,22.69,100,33.9,0.923,8.3,8.3,0.0,Early Career,Loyal,31.69
17,16,1,280,51.0,18.66,267,104.86,0,1,1,31,Asad Shafiq,MS/QG,2,2016,2020,4,False,16.47,124,44.3,0.941,6.2,6.2,0.0,Developing,Versatile,15.82
10,10,0,279,70.0,27.9,205,136.09,0,2,0,26,AP Devcich,LQ,1,2018,2019,1,False,27.9,104,37.3,1.0,0.0,0.0,0.0,Early Career,Loyal,32.18
14,13,0,270,54.0,20.76,214,126.16,0,1,0,34,Yasir Khan,MS/PZ/QG,3,2022,2024,2,False,19.29,136,50.4,0.929,0.0,0.0,0.0,Early Career,Versatile,23.23
10,10,0,266,58.0,26.6,160,166.25,0,3,0,33,PR Stirling,IU,1,2021,2023,2,False,26.6,132,49.6,1.0,0.0,0.0,0.0,Early Career,Loyal,38.97
10,8,3,264,102.0,52.8,154,171.42,1,0,0,23,HC Brook,LQ,1,2022,2022,0,True,26.4,92,34.8,0.8,37.5,0.0,100.0,Single Season,Loyal,63.1
17,15,7,263,39.0,32.87,190,138.42,0,0,1,27,Irfan Khan,KK,1,2023,2024,1,True,15.47,108,41.1,0.882,46.7,6.7,,Early Career,Loyal,36.96
12,12,0,260,54.0,21.66,211,123.22,0,1,0,30,Mirza Baig,LQ,1,2023,2024,1,False,21.67,120,46.2,1.0,0.0,0.0,0.0,Early Career,Loyal,23.12
10,9,2,251,73.0,35.85,249,100.8,0,2,0,22,JP Duminy,IU,1,2018,2018,0,True,25.1,88,35.1,0.9,22.2,0.0,0.0,Single Season,Loyal,29.37
82,40,12,251,45.0,8.96,183,137.15,0,0,3,20,Hasan Ali,IU/KK/PZ,3,2016,2024,8,False,3.06,80,31.9,0.488,30.0,7.5,,Veteran,Versatile,15.72
7,7,2,246,105.0,49.2,161,152.79,1,1,1,31,UT Khawaja,IU,1,2021,2021,0,True,35.14,124,50.4,1.0,28.6,14.3,50.0,Single Season,Loyal,54.81
11,9,1,235,73.0,29.37,163,144.17,0,2,0,19,DA Miller,MS/PZ,2,2021,2023,2,False,21.36,76,32.3,0.818,11.1,0.0,0.0,Early Career,Versatile,35.16
16,14,0,226,52.0,16.14,180,125.55,0,2,0,26,Zeeshan Ashraf,LQ/MS,2,2020,2022,2,False,14.12,104,46.0,0.875,0.0,0.0,0.0,Early Career,Versatile,18.6
9,9,1,224,53.0,28.0,185,121.08,0,1,1,29,MS Wade,KK,1,2023,2023,0,False,24.89,116,51.8,1.0,11.1,11.1,0.0,Single Season,Loyal,27.69
11,9,2,222,65.0,31.71,151,147.01,0,1,0,26,Tayyab Tahir,KK/MS,2,2023,2024,1,False,20.18,104,46.8,0.818,22.2,0.0,0.0,Early Career,Versatile,37.82
7,7,3,218,52.0,54.5,169,128.99,0,1,0,19,AB de Villiers,LQ,1,2019,2019,0,True,31.14,76,34.9,1.0,42.9,0.0,0.0,Single Season,Loyal,52.77
17,15,2,214,28.0,16.46,130,164.61,0,0,1,17,SP Narine,LQ,1,2017,2018,1,False,12.59,68,31.8,0.882,13.3,6.7,,Early Career,Loyal,29.19
8,8,1,210,62.0,30.0,187,112.29,0,2,0,26,LMP Simmons,KK,1,2016,2018,2,True,26.25,104,49.5,1.0,12.5,0.0,0.0,Early Career,Loyal,26.94
9,7,1,206,59.0,34.33,173,119.07,0,1,0,11,Khalid Latif,IU,1,2016,2016,0,False,22.89,44,21.4,0.778,14.3,0.0,0.0,Single Season,Loyal,32.47
19,18,1,204,46.0,12.0,172,118.6,0,0,1,26,PD Salt,IU/LQ,2,2019,2022,3,False,10.74,104,51.0,0.947,5.6,5.6,,Developing,Versatile,12.92
28,20,9,203,27.0,18.45,147,138.09,0,0,3,16,Rashid Khan,LQ,1,2021,2023,2,True,7.25,64,31.5,0.714,45.0,15.0,,Early Career,Loyal,23.72
13,12,4,189,49.0,23.62,143,132.16,0,0,0,17,L Gregory,IU/KK/PZ,3,2020,2022,2,True,14.54,68,36.0,0.923,33.3,0.0,,Early Career,Versatile,26.49
8,7,0,184,63.0,26.28,162,113.58,0,2,0,21,Khurram Manzoor,KK/QG,2,2018,2020,2,False,23.0,84,45.7,0.875,0.0,0.0,0.0,Early Career,Versatile,23.78
7,7,0,183,61.0,26.14,172,106.39,0,1,0,22,Azhar Ali,LQ,1,2016,2016,0,False,26.14,88,48.1,1.0,0.0,0.0,0.0,Single Season,Loyal,21.73
7,7,0,182,49.0,26.0,137,132.84,0,0,0,23,TL Seifert,KK,1,2024,2024,0,False,26.0,92,50.5,1.0,0.0,0.0,,Single Season,Loyal,28.66
10,10,2,182,60.0,22.75,150,121.33,0,1,0,11,Khawaja Nafay,QG,1,2024,2024,0,True,18.2,44,24.2,1.0,20.0,0.0,0.0,Single Season,Loyal,22.77
7,7,1,181,86.0,30.16,141,128.36,0,1,0,20,LJ Wright,QG,1,2016,2017,1,True,25.86,80,44.2,1.0,14.3,0.0,0.0,Early Career,Loyal,31.07
14,13,2,181,51.0,16.45,169,107.1,0,1,0,11,Shakib Al Hasan,KK/PZ,2,2016,2023,7,False,12.93,44,24.3,0.929,15.4,0.0,0.0,Veteran,Versatile,13.48
14,12,1,177,50.0,16.09,124,142.74,0,1,1,18,Haseebullah Khan,PZ,1,2023,2024,1,False,12.64,72,40.7,0.857,8.3,8.3,0.0,Early Career,Loyal,22.65
19,17,2,173,35.0,11.53,128,135.15,0,0,1,14,AD Russell,IU/MS/QG,3,2016,2021,5,True,9.11,56,32.4,0.895,11.8,5.9,,Developing,Versatile,16.62
6,5,0,172,67.0,34.4,117,147.0,0,2,0,16,Omair Yousuf,QG,1,2023,2024,1,False,28.67,64,37.2,0.833,0.0,0.0,0.0,Early Career,Loyal,39.65
7,7,1,171,71.0,28.5,126,135.71,0,2,1,11,Najibullah Zadran,KK/QG,2,2021,2023,2,True,24.43,44,25.7,1.0,14.3,14.3,0.0,Early Career,Versatile,31.49
7,7,0,169,53.0,24.14,150,112.66,0,1,0,13,Umar Siddiq,MS,1,2019,2019,0,False,24.14,52,30.8,1.0,0.0,0.0,0.0,Single Season,Loyal,21.52
14,13,5,167,87.0,20.87,110,151.81,0,1,0,15,Aamer Jamal,PZ,1,2023,2024,1,False,11.93,60,35.9,0.929,38.5,0.0,0.0,Early Career,Loyal,29.12
9,9,1,164,80.0,20.5,160,102.5,0,1,0,17,EJG Morgan,KK/PZ,2,2017,2018,1,True,18.22,68,41.5,1.0,11.1,0.0,0.0,Early Career,Versatile,15.59
9,9,0,158,34.0,17.55,138,114.49,0,0,0,14,ADS Fletcher,PZ,1,2018,2019,1,False,17.56,56,35.4,1.0,0.0,0.0,,Early Career,Loyal,16.17
11,11,2,153,43.0,17.0,178,85.95,0,0,1,11,Haris Sohail,LQ/PZ,2,2017,2019,2,False,13.91,44,28.8,1.0,18.2,9.1,,Early Career,Versatile,8.02
34,16,3,153,35.0,11.76,115,133.04,0,0,3,8,Aamer Yamin,KK/LQ/PZ,3,2016,2023,7,True,4.5,32,20.9,0.471,18.8,18.8,,Veteran,Versatile,16.05
13,10,3,152,27.0,21.71,103,147.57,0,0,0,14,DT Christian,KK/MS,2,2019,2021,2,False,11.69,56,36.8,0.769,30.0,0.0,,Early Career,Versatile,28.56
47,18,9,151,25.0,16.77,94,160.63,0,0,3,11,Umaid Asif,KK/PZ/QG,3,2018,2023,5,False,3.21,44,29.1,0.383,50.0,16.7,,Developing,Versatile,27.75
5,5,0,148,48.0,29.6,118,125.42,0,0,0,16,J Weatherald,QG,1,2021,2021,0,False,29.6,64,43.2,1.0,0.0,0.0,,Single Season,Loyal,29.46
33,20,7,145,17.0,11.15,119,121.84,0,0,1,10,Mohammad Wasim,IU/QG,2,2021,2024,3,True,4.39,40,27.6,0.606,35.0,5.0,,Developing,Versatile,12.44
44,24,7,144,32.0,8.47,149,96.64,0,0,4,7,Sohail Khan,KK/LQ/MS/PZ/QG,5,2016,2024,8,False,3.27,28,19.4,0.545,29.2,16.7,,Veteran,Journeyman,3.37
33,21,12,142,36.0,15.77,115,123.47,0,0,4,10,CJ Jordan,KK/MS/PZ,3,2017,2024,7,False,4.3,40,28.2,0.636,57.1,19.0,,Veteran,Versatile,16.86
12,8,3,139,33.0,27.8,80,173.75,0,0,0,7,JP Faulkner,LQ/QG,2,2021,2022,1,False,11.58,28,20.1,0.667,37.5,0.0,,Early Career,Versatile,40.72
13,12,2,139,40.0,13.9,134,103.73,0,0,2,8,GD Elliott,LQ/QG,2,2016,2017,1,False,10.69,32,23.0,0.923,16.7,16.7,,Early Career,Versatile,9.93
9,9,1,138,65.0,17.25,106,130.18,0,1,1,13,MM Ali,MS,1,2020,2020,0,False,15.33,52,37.7,1.0,11.1,11.1,0.0,Single Season,Loyal,19.9
8,8,0,137,47.0,17.12,114,120.17,0,0,0,10,SD Hope,LQ,1,2023,2024,1,False,17.12,40,29.2,1.0,0.0,0.0,,Early Career,Loyal,17.1
28,17,8,137,24.0,15.22,123,111.38,0,0,3,8,Hassan Khan,LQ/QG,2,2017,2022,5,False,4.89,32,23.4,0.607,47.1,17.6,,Developing,Versatile,13.1
14,12,5,134,32.0,19.14,127,105.51,0,0,2,12,DJ Bravo,LQ/QG,2,2016,2019,3,False,9.57,48,35.8,0.857,41.7,16.7,,Developing,Versatile,14.91
9,8,0,128,34.0,16.0,103,124.27,0,0,0,17,Rohail Nazir,IU/KK/MS,3,2020,2022,2,False,14.22,68,53.1,0.889,0.0,0.0,,Early Career,Versatile,17.13
10,9,0,128,51.0,14.22,98,130.61,0,1,1,15,Muhammad Akhlaq,IU/KK,2,2021,2024,3,False,12.8,60,46.9,0.9,0.0,11.1,0.0,Developing,Versatile,17.28
22,14,5,127,27.0,14.11,88,144.31,0,0,2,9,Amad Butt,IU/PZ,2,2017,2022,5,True,5.77,36,28.3,0.636,35.7,14.3,,Developing,Versatile,20.83
9,8,1,126,51.0,18.0,90,140.0,0,1,0,11,Qasim Akram,KK,1,2021,2023,2,True,14.0,44,34.9,0.889,12.5,0.0,0.0,Early Career,Loyal,23.05
75,26,12,125,23.0,8.92,105,119.04,0,0,3,17,Mohammad Amir,KK/QG,2,2016,2024,8,False,1.67,68,54.4,0.347,46.2,11.5,,Veteran,Versatile,9.55
13,10,4,115,31.0,19.16,95,121.05,0,0,0,6,AJ Hosein,MS/QG,2,2023,2024,1,False,8.85,24,20.9,0.769,40.0,0.0,,Early Career,Versatile,18.88
8,7,2,111,45.0,22.2,86,129.06,0,0,1,7,Danish Aziz,IU/KK/QG,3,2018,2022,4,False,13.88,28,25.2,0.875,28.6,14.3,,Developing,Versatile,23.62
18,12,6,111,22.0,18.5,74,150.0,0,0,0,10,CR Brathwaite,LQ/MS/PZ,3,2019,2024,5,True,6.17,40,36.0,0.667,50.0,0.0,,Developing,Versatile,26.0
5,5,2,110,42.0,36.66,121,90.9,0,0,0,8,Gulraiz Sadaf,LQ,1,2018,2018,0,True,22.0,32,29.1,1.0,40.0,0.0,,Single Season,Loyal,25.98
6,5,0,107,37.0,21.4,87,122.98,0,0,0,9,F du Plessis,PZ/QG,2,2020,2021,1,False,17.83,36,33.6,0.833,0.0,0.0,,Early Career,Versatile,21.26
6,5,1,106,41.0,26.5,86,123.25,0,0,0,7,JM Cox,IU,1,2024,2024,0,False,17.67,28,26.4,0.833,20.0,0.0,,Single Season,Loyal,25.76
3,3,0,104,69.0,34.66,69,150.72,0,1,0,16,AM Rossington,KK,1,2023,2023,0,False,34.67,64,61.5,1.0,0.0,0.0,0.0,Single Season,Loyal,40.17
9,9,0,103,49.0,11.44,116,88.79,0,0,1,10,LJ Evans,MS/QG,2,2019,2024,5,False,11.44,40,38.8,1.0,0.0,11.1,,Developing,Versatile,3.43
9,6,1,99,27.0,19.8,97,102.06,0,0,0,9,Shahid Yousuf,PZ,1,2016,2016,0,True,11.0,36,36.4,0.667,16.7,0.0,,Single Season,Loyal,14.2
5,5,1,97,41.0,24.25,66,146.96,0,0,0,11,PBB Rajapaksa,PZ,1,2023,2023,0,False,19.4,44,45.4,1.0,20.0,0.0,,Single Season,Loyal,30.04
8,8,1,96,31.0,13.71,94,102.12,0,0,0,11,MH Wessels,KK/LQ/PZ,3,2016,2019,3,True,12.0,44,45.8,1.0,12.5,0.0,,Developing,Versatile,8.89
12,12,4,94,29.0,11.75,95,98.94,0,0,3,7,Hammad Azam,LQ/MS/PZ,3,2016,2021,5,False,7.83,28,29.8,1.0,33.3,25.0,,Developing,Versatile,6.32
