matches,innings,not_outs,runs,high_score,average,balls_faced,strike_rate,centuries,fifties,ducks,fours,sixes,player_name,teams_played,span_start,span_end,career_yrs,hs_not_out
84,84,1,2525,115.0,30.42,1800,140.27,2,19,5,237,104,Fakhar Zaman,LQ,2017,2024,7,False
82,72,18,1202,75.0,22.25,768,156.51,0,3,3,70,90,Asif Ali,IU/PZ,2016,2024,8,False
75,74,2,1972,107.0,27.38,1440,136.94,3,12,8,213,89,Kamran Akmal,PZ,2016,2022,6,True
91,87,17,2336,73.0,33.37,1824,128.07,0,15,4,169,82,Shoaib Malik,KK/MS/PZ,2016,2024,8,False
46,46,4,1361,91.0,32.4,982,138.59,0,9,2,123,81,SR Watson,IU/QG,2016,2020,4,True
84,80,17,2015,121.0,31.98,1412,142.7,2,10,4,192,79,RR Rossouw,MS/QG,2017,2024,7,False
53,48,18,1149,73.0,38.3,708,162.28,0,6,2,79,77,KA Pollard,KK/MS/PZ,2017,2024,7,False
49,48,2,1127,117.0,24.5,805,140.0,2,4,5,101,74,Sharjeel Khan,IU/KK,2016,2023,7,False
47,47,4,1417,90.0,32.95,941,150.58,0,12,4,131,71,C Munro,IU/KK,2019,2024,5,True
84,70,9,1240,91.0,20.32,890,139.32,0,8,7,84,66,Shadab Khan,IU,2017,2024,7,False
78,74,11,1731,98.0,27.47,1391,124.44,0,9,5,159,66,Mohammad Hafeez,LQ/PZ/QG,2016,2023,7,True
54,50,5,1140,97.0,25.33,776,146.9,0,6,5,100,63,Azam Khan,IU/QG,2019,2024,5,False
43,40,6,1029,93.0,30.26,713,144.31,0,8,3,78,60,Umar Akmal,LQ/QG,2016,2023,7,False
83,72,14,2403,110.0,41.43,1885,127.48,1,20,5,216,60,Mohammad Rizwan,KK/LQ/MS,2016,2024,8,True
90,88,11,3504,115.0,45.5,2750,127.41,2,33,8,386,58,Babar Azam,IU/KK/PZ,2016,2024,8,False
70,61,18,1036,71.0,24.09,780,132.82,0,5,4,74,51,Iftikhar Ahmed,IU/KK/MS/PZ/QG,2016,2024,8,True
31,31,3,1020,94.0,36.42,614,166.12,0,10,4,116,50,L Ronchi,IU,2018,2020,2,True
45,43,8,1045,85.0,29.85,810,129.01,0,8,3,90,50,Sohaib Maqsood,IU/LQ/MS/PZ,2016,2023,7,True
38,38,3,1260,145.0,36.0,860,146.51,2,8,3,149,44,JJ Roy,LQ/QG,2017,2024,7,True
49,39,12,691,48.0,25.59,472,146.39,0,0,2,48,44,DJG Sammy,PZ,2016,2020,4,False
22,22,8,605,71.0,43.21,337,179.52,0,4,0,40,43,TH David,LQ/MS,2021,2023,2,False
90,72,26,1212,92.0,26.34,869,139.47,0,6,12,112,43,Imad Wasim,IU/KK,2016,2024,8,True
44,42,2,1180,82.0,29.5,837,140.97,0,6,3,135,42,AD Hales,IU/KK,2018,2024,6,True
30,30,0,800,88.0,26.66,530,150.94,0,7,3,77,41,Saim Ayub,PZ/QG,2021,2024,3,False
53,45,20,629,48.0,25.16,388,162.11,0,0,3,40,41,D Wiese,KK/LQ,2018,2024,6,True
37,35,8,819,127.0,30.33,558,146.77,1,3,2,69,40,CA Ingram,IU/KK,2018,2021,3,True
30,29,7,588,70.0,26.72,399,147.36,0,3,2,39,39,SE Rutherford,KK/PZ/QG,2020,2024,4,True
72,55,20,803,55.0,22.94,555,144.68,0,3,3,68,39,Faheem Ashraf,IU,2018,2024,6,False
53,38,8,469,54.0,15.63,311,150.8,0,1,5,23,36,Shahid Afridi,KK/MS/PZ/QG,2016,2022,6,False
41,40,6,769,69.0,22.61,564,136.34,0,4,5,71,36,Haider Ali,IU/KK/PZ,2020,2024,4,False
45,45,3,1166,84.0,27.76,853,136.69,0,4,4,144,35,JM Vince,KK/MS/QG,2016,2024,8,False
30,27,5,596,99.0,27.09,412,144.66,0,3,0,41,34,BR Dunk,KK/LQ,2019,2022,3,True
59,48,20,693,70.0,24.75,492,140.85,0,1,1,48,34,Khushdil Shah,MS/PZ,2017,2024,7,True
27,26,5,481,53.0,22.9,306,157.18,0,2,4,33,33,BCJ Cutting,KK/PZ/QG,2020,2023,3,False
39,38,2,873,117.0,24.25,688,126.88,1,5,6,80,33,CS Delport,IU/KK/LQ/QG,2016,2021,5,True
44,42,9,808,75.0,24.48,656,123.17,0,3,2,79,32,Sohail Akhtar,LQ,2018,2022,4,False
45,43,2,1077,99.0,26.26,897,120.06,0,9,4,109,32,Ahmed Shehzad,MS/QG,2016,2020,4,False
28,25,4,701,73.0,33.38,611,114.72,0,5,1,67,31,DR Smith,IU/PZ/QG,2016,2019,3,False
27,26,1,658,85.0,26.32,384,171.35,0,3,2,67,31,Mohammad Haris,PZ,2022,2024,2,False
27,25,2,611,88.0,26.56,439,139.17,0,4,4,43,30,KP Pietersen,QG,2016,2018,2,True
16,16,0,370,68.0,23.12,271,136.53,0,2,2,24,29,CH Gayle,KK/LQ/QG,2016,2021,5,False
27,27,2,586,92.0,23.44,430,136.27,0,4,2,50,29,T Kohler-Cadmore,PZ/QG,2018,2024,6,False
71,35,9,328,55.0,12.61,233,140.77,0,2,7,18,27,Shaheen Shah Afridi,LQ,2018,2024,6,False
61,50,8,965,63.0,22.97,793,121.68,0,4,2,80,27,Hussain Talat,IU/LQ/PZ,2017,2024,7,False
84,64,17,816,52.0,17.36,713,114.44,0,1,3,72,27,Mohammad Nawaz,KK/QG,2016,2024,8,False
26,26,2,678,75.0,28.25,499,135.87,0,5,1,59,26,Abdullah Shafique,LQ,2022,2024,2,False
27,26,6,504,64.0,25.2,327,154.12,0,1,3,43,26,R Powell,PZ,2021,2024,3,False
86,73,21,1525,81.0,29.32,1243,122.68,0,7,2,136,26,Sarfaraz Ahmed,QG,2016,2024,8,False
17,17,3,747,120.0,53.35,469,159.27,3,3,2,88,25,Usman Khan,MS/QG,2021,2024,3,False
18,18,1,519,117.0,30.52,372,139.51,1,3,2,51,22,MJ Guptill,IU/KK/QG,2021,2024,3,False
23,22,3,468,82.0,24.63,353,132.57,0,4,3,35,22,LS Livingstone,KK/PZ,2019,2022,3,False
27,25,4,451,48.0,21.47,323,139.62,0,0,3,36,22,CAK Walton,IU/KK,2018,2021,3,False
53,52,0,1476,88.0,28.38,1134,130.15,0,9,2,178,22,Shan Masood,KK/MS,2019,2024,5,False
15,15,1,318,62.0,22.71,199,159.79,0,1,1,28,21,Rahmanullah Gurbaz,IU/MS,2021,2023,2,False
25,25,3,631,64.0,28.68,516,122.28,0,5,2,58,20,DJ Malan,IU/MS/PZ,2016,2024,8,False
33,27,4,471,62.0,20.47,376,125.26,0,2,2,32,19,LA Dawson,IU/LQ/PZ,2018,2023,5,False
50,36,14,323,28.0,14.68,229,141.04,0,0,0,19,19,Anwar Ali,KK/MS/QG,2016,2024,8,True
12,12,0,382,77.0,31.83,250,152.8,0,4,2,45,18,Hazratullah Zazai,PZ,2021,2022,1,False
13,13,2,512,104.0,46.54,351,145.86,1,3,0,41,18,HE van der Dussen,IU/LQ,2023,2024,1,True
18,16,1,435,57.0,29.0,283,153.71,0,3,2,45,18,J Charles,MS,2019,2024,5,False
29,22,6,507,61.0,31.68,453,111.92,0,2,0,42,18,Misbah-ul-Haq,IU/PZ,2016,2019,3,True
39,36,9,775,71.0,28.7,658,117.78,0,5,1,63,18,RS Bopara,KK/MS/PZ,2016,2021,5,True
12,12,1,318,113.0,28.9,183,173.77,1,1,2,38,17,CA Lynn,LQ/MS,2020,2021,1,True
24,23,1,613,65.0,27.86,485,126.39,0,5,2,64,17,KC Sangakkara,KK/MS/QG,2016,2018,2,False
27,26,2,529,64.0,22.04,441,119.95,0,3,0,46,17,Agha Salman,IU/LQ,2018,2024,6,True
22,18,4,350,67.0,25.0,245,142.85,0,2,1,31,16,Mohammad Nabi,KK/QG,2016,2022,6,False
10,10,1,323,88.0,35.88,228,141.66,0,2,1,31,15,Saud Shakeel,QG,2024,2024,0,True
17,15,2,214,28.0,16.46,130,164.61,0,0,1,17,15,SP Narine,LQ,2017,2018,1,False
17,17,4,327,73.0,25.15,250,130.8,0,4,2,25,15,BJ Haddin,IU,2016,2017,1,False
18,17,2,311,44.0,20.73,272,114.33,0,0,3,28,15,BB McCullum,LQ,2017,2018,1,False
23,22,7,337,71.0,22.46,230,146.52,0,1,1,29,15,Sikandar Raza,KK/LQ,2019,2024,5,True
20,20,4,605,80.0,37.81,535,113.08,0,4,0,61,14,Tamim Iqbal,LQ/PZ,2016,2020,4,True
61,37,18,321,36.0,16.89,295,108.81,0,0,2,22,14,Sohail Tanvir,KK/LQ/MS/QG,2016,2022,6,True
88,54,21,359,33.0,10.87,280,128.21,0,0,10,31,14,Wahab Riaz,PZ,2016,2023,7,True
13,12,1,295,54.0,26.81,215,137.2,0,2,1,25,13,JM Clarke,KK,2021,2022,1,False
19,18,1,444,73.0,26.11,335,132.53,0,3,0,49,13,Ahsan Ali,QG,2019,2022,3,False
20,19,3,402,78.0,25.12,306,131.37,0,2,2,38,13,SW Billings,IU/LQ,2016,2023,7,True
22,21,3,457,72.0,25.38,381,119.94,0,3,1,49,13,Sahibzada Farhan,IU/KK/LQ,2018,2024,6,True
22,22,0,542,59.0,24.63,436,124.31,0,5,2,50,13,Imam-ul-Haq,PZ,2019,2021,2,False
10,10,0,279,70.0,27.9,205,136.09,0,2,0,26,12,AP Devcich,LQ,2018,2019,1,False
10,10,0,266,58.0,26.6,160,166.25,0,3,0,33,12,PR Stirling,IU,2021,2023,2,False
21,20,1,419,55.0,22.05,361,116.06,0,1,1,36,12,Kamran Ghulam,IU/LQ,2016,2024,8,True
10,8,3,264,102.0,52.8,154,171.42,1,0,0,23,11,HC Brook,LQ,2022,2022,0,True
10,10,0,315,99.0,31.5,234,134.61,0,2,1,36,11,WCF Smeed,QG,2022,2023,1,False
14,13,1,354,79.0,29.5,287,123.34,0,3,2,42,11,JL Denly,KK/LQ,2018,2021,3,True
34,16,3,153,35.0,11.76,115,133.04,0,0,3,8,11,Aamer Yamin,KK/LQ/PZ,2016,2023,7,True
19,17,2,173,35.0,11.53,128,135.15,0,0,1,14,11,AD Russell,IU/MS/QG,2016,2021,5,True
47,18,9,151,25.0,16.77,94,160.63,0,0,3,11,11,Umaid Asif,KK/PZ/QG,2018,2023,5,False
28,20,9,203,27.0,18.45,147,138.09,0,0,3,16,11,Rashid Khan,LQ,2021,2023,2,True
82,40,12,251,45.0,8.96,183,137.15,0,0,3,20,11,Hasan Ali,IU/KK/PZ,2016,2024,8,False
12,8,3,139,33.0,27.8,80,173.75,0,0,0,7,10,JP Faulkner,LQ/QG,2021,2022,1,False
11,9,1,235,73.0,29.37,163,144.17,0,2,0,19,10,DA Miller,MS/PZ,2021,2023,2,False
12,12,0,260,54.0,21.66,211,123.22,0,1,0,30,10,Mirza Baig,LQ,2023,2024,1,False
14,13,5,167,87.0,20.87,110,151.81,0,1,0,15,10,Aamer Jamal,PZ,2023,2024,1,False
9,7,1,206,59.0,34.33,173,119.07,0,1,0,11,9,Khalid Latif,IU,2016,2016,0,False
7,7,1,171,71.0,28.5,126,135.71,0,2,1,11,9,Najibullah Zadran,KK/QG,2021,2023,2,True
8,8,1,304,79.0,43.42,226,134.51,0,3,0,34,9,RR Hendricks,MS,2024,2024,0,True
33,20,7,145,17.0,11.15,119,121.84,0,0,1,10,9,Mohammad Wasim,IU/QG,2021,2024,3,True
44,24,7,144,32.0,8.47,149,96.64,0,0,4,7,9,Sohail Khan,KK/LQ/MS/PZ/QG,2016,2024,8,False
7,7,0,169,53.0,24.14,150,112.66,0,1,0,13,8,Umar Siddiq,MS,2019,2019,0,False
