matches,innings,not_outs,runs,high_score,average,balls_faced,strike_rate,centuries,fifties,ducks,fours,player_name,teams_played,num_teams,span_start,span_end,career_yrs,hs_not_out
90,88,11,3504,115.0,45.5,2750,127.41,2,33,8,386,Babar Azam,IU/KK/PZ,3,2016,2024,8,False
84,84,1,2525,115.0,30.42,1800,140.27,2,19,5,237,Fakhar Zaman,LQ,1,2017,2024,7,False
83,72,14,2403,110.0,41.43,1885,127.48,1,20,5,216,Mohammad Rizwan,KK/LQ/MS,3,2016,2024,8,True
91,87,17,2336,73.0,33.37,1824,128.07,0,15,4,169,Shoaib Malik,KK/MS/PZ,3,2016,2024,8,False
84,80,17,2015,121.0,31.98,1412,142.7,2,10,4,192,RR Rossouw,MS/QG,2,2017,2024,7,False
75,74,2,1972,107.0,27.38,1440,136.94,3,12,8,213,Kamran Akmal,PZ,1,2016,2022,6,True
78,74,11,1731,98.0,27.47,1391,124.44,0,9,5,159,Mohammad Hafeez,LQ/PZ/QG,3,2016,2023,7,True
86,73,21,1525,81.0,29.32,1243,122.68,0,7,2,136,Sarfaraz Ahmed,QG,1,2016,2024,8,False
53,52,0,1476,88.0,28.38,1134,130.15,0,9,2,178,Shan Masood,KK/MS,2,2019,2024,5,False
47,47,4,1417,90.0,32.95,941,150.58,0,12,4,131,C Munro,IU/KK,2,2019,2024,5,True
46,46,4,1361,91.0,32.4,982,138.59,0,9,2,123,SR Watson,IU/QG,2,2016,2020,4,True
38,38,3,1260,145.0,36.0,860,146.51,2,8,3,149,JJ Roy,LQ/QG,2,2017,2024,7,True
84,70,9,1240,91.0,20.32,890,139.32,0,8,7,84,Shadab Khan,IU,1,2017,2024,7,False
90,72,26,1212,92.0,26.34,869,139.47,0,6,12,112,Imad Wasim,IU/KK,2,2016,2024,8,True
82,72,18,1202,75.0,22.25,768,156.51,0,3,3,70,Asif Ali,IU/PZ,2,2016,2024,8,False
44,42,2,1180,82.0,29.5,837,140.97,0,6,3,135,AD Hales,IU/KK,2,2018,2024,6,True
45,45,3,1166,84.0,27.76,853,136.69,0,4,4,144,JM Vince,KK/MS/QG,3,2016,2024,8,False
53,48,18,1149,73.0,38.3,708,162.28,0,6,2,79,KA Pollard,KK/MS/PZ,3,2017,2024,7,False
54,50,5,1140,97.0,25.33,776,146.9,0,6,5,100,Azam Khan,IU/QG,2,2019,2024,5,False
49,48,2,1127,117.0,24.5,805,140.0,2,4,5,101,Sharjeel Khan,IU/KK,2,2016,2023,7,False
45,43,2,1077,99.0,26.26,897,120.06,0,9,4,109,Ahmed Shehzad,MS/QG,2,2016,2020,4,False
45,43,8,1045,85.0,29.85,810,129.01,0,8,3,90,Sohaib Maqsood,IU/LQ/MS/PZ,4,2016,2023,7,True
70,61,18,1036,71.0,24.09,780,132.82,0,5,4,74,Iftikhar Ahmed,IU/KK/MS/PZ/QG,5,2016,2024,8,True
43,40,6,1029,93.0,30.26,713,144.31,0,8,3,78,Umar Akmal,LQ/QG,2,2016,2023,7,False
31,31,3,1020,94.0,36.42,614,166.12,0,10,4,116,L Ronchi,IU,1,2018,2020,2,True
61,50,8,965,63.0,22.97,793,121.68,0,4,2,80,Hussain Talat,IU/LQ/PZ,3,2017,2024,7,False
39,38,2,873,117.0,24.25,688,126.88,1,5,6,80,CS Delport,IU/KK/LQ/QG,4,2016,2021,5,True
37,35,8,819,127.0,30.33,558,146.77,1,3,2,69,CA Ingram,IU/KK,2,2018,2021,3,True
84,64,17,816,52.0,17.36,713,114.44,0,1,3,72,Mohammad Nawaz,KK/QG,2,2016,2024,8,False
44,42,9,808,75.0,24.48,656,123.17,0,3,2,79,Sohail Akhtar,LQ,1,2018,2022,4,False
72,55,20,803,55.0,22.94,555,144.68,0,3,3,68,Faheem Ashraf,IU,1,2018,2024,6,False
30,30,0,800,88.0,26.66,530,150.94,0,7,3,77,Saim Ayub,PZ/QG,2,2021,2024,3,False
39,36,9,775,71.0,28.7,658,117.78,0,5,1,63,RS Bopara,KK/MS/PZ,3,2016,2021,5,True
41,40,6,769,69.0,22.61,564,136.34,0,4,5,71,Haider Ali,IU/KK/PZ,3,2020,2024,4,False
17,17,3,747,120.0,53.35,469,159.27,3,3,2,88,Usman Khan,MS/QG,2,2021,2024,3,False
28,25,4,701,73.0,33.38,611,114.72,0,5,1,67,DR Smith,IU/PZ/QG,3,2016,2019,3,False
59,48,20,693,70.0,24.75,492,140.85,0,1,1,48,Khushdil Shah,MS/PZ,2,2017,2024,7,True
49,39,12,691,48.0,25.59,472,146.39,0,0,2,48,DJG Sammy,PZ,1,2016,2020,4,False
26,26,2,678,75.0,28.25,499,135.87,0,5,1,59,Abdullah Shafique,LQ,1,2022,2024,2,False
27,26,1,658,85.0,26.32,384,171.35,0,3,2,67,Mohammad Haris,PZ,1,2022,2024,2,False
25,25,3,631,64.0,28.68,516,122.28,0,5,2,58,DJ Malan,IU/MS/PZ,3,2016,2024,8,False
53,45,20,629,48.0,25.16,388,162.11,0,0,3,40,D Wiese,KK/LQ,2,2018,2024,6,True
24,23,1,613,65.0,27.86,485,126.39,0,5,2,64,KC Sangakkara,KK/MS/QG,3,2016,2018,2,False
27,25,2,611,88.0,26.56,439,139.17,0,4,4,43,KP Pietersen,QG,1,2016,2018,2,True
20,20,4,605,80.0,37.81,535,113.08,0,4,0,61,Tamim Iqbal,LQ/PZ,2,2016,2020,4,True
22,22,8,605,71.0,43.21,337,179.52,0,4,0,40,TH David,LQ/MS,2,2021,2023,2,False
30,27,5,596,99.0,27.09,412,144.66,0,3,0,41,BR Dunk,KK/LQ,2,2019,2022,3,True
30,29,7,588,70.0,26.72,399,147.36,0,3,2,39,SE Rutherford,KK/PZ/QG,3,2020,2024,4,True
27,27,2,586,92.0,23.44,430,136.27,0,4,2,50,T Kohler-Cadmore,PZ/QG,2,2018,2024,6,False
22,22,0,542,59.0,24.63,436,124.31,0,5,2,50,Imam-ul-Haq,PZ,1,2019,2021,2,False
27,26,2,529,64.0,22.04,441,119.95,0,3,0,46,Agha Salman,IU/LQ,2,2018,2024,6,True
18,18,1,519,117.0,30.52,372,139.51,1,3,2,51,MJ Guptill,IU/KK/QG,3,2021,2024,3,False
13,13,2,512,104.0,46.54,351,145.86,1,3,0,41,HE van der Dussen,IU/LQ,2,2023,2024,1,True
29,22,6,507,61.0,31.68,453,111.92,0,2,0,42,Misbah-ul-Haq,IU/PZ,2,2016,2019,3,True
27,26,6,504,64.0,25.2,327,154.12,0,1,3,43,R Powell,PZ,1,2021,2024,3,False
27,26,5,481,53.0,22.9,306,157.18,0,2,4,33,BCJ Cutting,KK/PZ/QG,3,2020,2023,3,False
33,27,4,471,62.0,20.47,376,125.26,0,2,2,32,LA Dawson,IU/LQ/PZ,3,2018,2023,5,False
53,38,8,469,54.0,15.63,311,150.8,0,1,5,23,Shahid Afridi,KK/MS/PZ/QG,4,2016,2022,6,False
23,22,3,468,82.0,24.63,353,132.57,0,4,3,35,LS Livingstone,KK/PZ,2,2019,2022,3,False
22,21,3,457,72.0,25.38,381,119.94,0,3,1,49,Sahibzada Farhan,IU/KK/LQ,3,2018,2024,6,True
38,24,8,455,71.0,28.43,374,121.65,0,1,0,54,SR Patel,IU/LQ,2,2018,2022,4,False
27,25,4,451,48.0,21.47,323,139.62,0,0,3,36,CAK Walton,IU/KK,2,2018,2021,3,False
19,18,1,444,73.0,26.11,335,132.53,0,3,0,49,Ahsan Ali,QG,1,2019,2022,3,False
18,16,1,435,57.0,29.0,283,153.71,0,3,2,45,J Charles,MS,1,2019,2024,5,False
21,20,1,419,55.0,22.05,361,116.06,0,1,1,36,Kamran Ghulam,IU/LQ,2,2016,2024,8,True
20,19,3,402,78.0,25.12,306,131.37,0,2,2,38,SW Billings,IU/LQ,2,2016,2023,7,True
12,12,0,382,77.0,31.83,250,152.8,0,4,2,45,Hazratullah Zazai,PZ,1,2021,2022,1,False
16,16,0,370,68.0,23.12,271,136.53,0,2,2,24,CH Gayle,KK/LQ/QG,3,2016,2021,5,False
88,54,21,359,33.0,10.87,280,128.21,0,0,10,31,Wahab Riaz,PZ,1,2016,2023,7,True
14,13,1,354,79.0,29.5,287,123.34,0,3,2,42,JL Denly,KK/LQ,2,2018,2021,3,True
22,18,4,350,67.0,25.0,245,142.85,0,2,1,31,Mohammad Nabi,KK/QG,2,2016,2022,6,False
23,22,7,337,71.0,22.46,230,146.52,0,1,1,29,Sikandar Raza,KK/LQ,2,2019,2024,5,True
21,18,4,332,61.0,23.71,307,108.14,0,2,2,36,Umar Amin,IU/PZ/QG,3,2016,2021,5,True
71,35,9,328,55.0,12.61,233,140.77,0,2,7,18,Shaheen Shah Afridi,LQ,1,2018,2024,6,False
17,17,4,327,73.0,25.15,250,130.8,0,4,2,25,BJ Haddin,IU,1,2016,2017,1,False
10,10,1,323,88.0,35.88,228,141.66,0,2,1,31,Saud Shakeel,QG,1,2024,2024,0,True
50,36,14,323,28.0,14.68,229,141.04,0,0,0,19,Anwar Ali,KK/MS/QG,3,2016,2024,8,True
61,37,18,321,36.0,16.89,295,108.81,0,0,2,22,Sohail Tanvir,KK/LQ/MS/QG,4,2016,2022,6,True
12,12,1,318,113.0,28.9,183,173.77,1,1,2,38,CA Lynn,LQ/MS,2,2020,2021,1,True
15,15,1,318,62.0,22.71,199,159.79,0,1,1,28,Rahmanullah Gurbaz,IU/MS,2,2021,2023,2,False
10,10,0,315,99.0,31.5,234,134.61,0,2,1,36,WCF Smeed,QG,1,2022,2023,1,False
18,17,2,311,44.0,20.73,272,114.33,0,0,3,28,BB McCullum,LQ,1,2017,2018,1,False
8,8,1,304,79.0,43.42,226,134.51,0,3,0,34,RR Hendricks,MS,1,2024,2024,0,True
13,12,1,295,54.0,26.81,215,137.2,0,2,1,25,JM Clarke,KK,1,2021,2022,1,False
17,16,1,280,51.0,18.66,267,104.86,0,1,1,31,Asad Shafiq,MS/QG,2,2016,2020,4,False
10,10,0,279,70.0,27.9,205,136.09,0,2,0,26,AP Devcich,LQ,1,2018,2019,1,False
14,13,0,270,54.0,20.76,214,126.16,0,1,0,34,Yasir Khan,MS/PZ/QG,3,2022,2024,2,False
10,10,0,266,58.0,26.6,160,166.25,0,3,0,33,PR Stirling,IU,1,2021,2023,2,False
10,8,3,264,102.0,52.8,154,171.42,1,0,0,23,HC Brook,LQ,1,2022,2022,0,True
17,15,7,263,39.0,32.87,190,138.42,0,0,1,27,Irfan Khan,KK,1,2023,2024,1,True
12,12,0,260,54.0,21.66,211,123.22,0,1,0,30,Mirza Baig,LQ,1,2023,2024,1,False
10,9,2,251,73.0,35.85,249,100.8,0,2,0,22,JP Duminy,IU,1,2018,2018,0,True
82,40,12,251,45.0,8.96,183,137.15,0,0,3,20,Hasan Ali,IU/KK/PZ,3,2016,2024,8,False
7,7,2,246,105.0,49.2,161,152.79,1,1,1,31,UT Khawaja,IU,1,2021,2021,0,True
11,9,1,235,73.0,29.37,163,144.17,0,2,0,19,DA Miller,MS/PZ,2,2021,2023,2,False
16,14,0,226,52.0,16.14,180,125.55,0,2,0,26,Zeeshan Ashraf,LQ/MS,2,2020,2022,2,False
9,9,1,224,53.0,28.0,185,121.08,0,1,1,29,MS Wade,KK,1,2023,2023,0,False
11,9,2,222,65.0,31.71,151,147.01,0,1,0,26,Tayyab Tahir,KK/MS,2,2023,2024,1,False
7,7,3,218,52.0,54.5,169,128.99,0,1,0,19,AB de Villiers,LQ,1,2019,2019,0,True
17,15,2,214,28.0,16.46,130,164.61,0,0,1,17,SP Narine,LQ,1,2017,2018,1,False
8,8,1,210,62.0,30.0,187,112.29,0,2,0,26,LMP Simmons,KK,1,2016,2018,2,True
9,7,1,206,59.0,34.33,173,119.07,0,1,0,11,Khalid Latif,IU,1,2016,2016,0,False
19,18,1,204,46.0,12.0,172,118.6,0,0,1,26,PD Salt,IU/LQ,2,2019,2022,3,False
28,20,9,203,27.0,18.45,147,138.09,0,0,3,16,Rashid Khan,LQ,1,2021,2023,2,True
13,12,4,189,49.0,23.62,143,132.16,0,0,0,17,L Gregory,IU/KK/PZ,3,2020,2022,2,True
8,7,0,184,63.0,26.28,162,113.58,0,2,0,21,Khurram Manzoor,KK/QG,2,2018,2020,2,False
7,7,0,183,61.0,26.14,172,106.39,0,1,0,22,Azhar Ali,LQ,1,2016,2016,0,False
7,7,0,182,49.0,26.0,137,132.84,0,0,0,23,TL Seifert,KK,1,2024,2024,0,False
10,10,2,182,60.0,22.75,150,121.33,0,1,0,11,Khawaja Nafay,QG,1,2024,2024,0,True
7,7,1,181,86.0,30.16,141,128.36,0,1,0,20,LJ Wright,QG,1,2016,2017,1,True
14,13,2,181,51.0,16.45,169,107.1,0,1,0,11,Shakib Al Hasan,KK/PZ,2,2016,2023,7,False
14,12,1,177,50.0,16.09,124,142.74,0,1,1,18,Haseebullah Khan,PZ,1,2023,2024,1,False
19,17,2,173,35.0,11.53,128,135.15,0,0,1,14,AD Russell,IU/MS/QG,3,2016,2021,5,True
6,5,0,172,67.0,34.4,117,147.0,0,2,0,16,Omair Yousuf,QG,1,2023,2024,1,False
7,7,1,171,71.0,28.5,126,135.71,0,2,1,11,Najibullah Zadran,KK/QG,2,2021,2023,2,True
7,7,0,169,53.0,24.14,150,112.66,0,1,0,13,Umar Siddiq,MS,1,2019,2019,0,False
14,13,5,167,87.0,20.87,110,151.81,0,1,0,15,Aamer Jamal,PZ,1,2023,2024,1,False
9,9,1,164,80.0,20.5,160,102.5,0,1,0,17,EJG Morgan,KK/PZ,2,2017,2018,1,True
9,9,0,158,34.0,17.55,138,114.49,0,0,0,14,ADS Fletcher,PZ,1,2018,2019,1,False
11,11,2,153,43.0,17.0,178,85.95,0,0,1,11,Haris Sohail,LQ/PZ,2,2017,2019,2,False
34,16,3,153,35.0,11.76,115,133.04,0,0,3,8,Aamer Yamin,KK/LQ/PZ,3,2016,2023,7,True
13,10,3,152,27.0,21.71,103,147.57,0,0,0,14,DT Christian,KK/MS,2,2019,2021,2,False
47,18,9,151,25.0,16.77,94,160.63,0,0,3,11,Umaid Asif,KK/PZ/QG,3,2018,2023,5,False
5,5,0,148,48.0,29.6,118,125.42,0,0,0,16,J Weatherald,QG,1,2021,2021,0,False
33,20,7,145,17.0,11.15,119,121.84,0,0,1,10,Mohammad Wasim,IU/QG,2,2021,2024,3,True
44,24,7,144,32.0,8.47,149,96.64,0,0,4,7,Sohail Khan,KK/LQ/MS/PZ/QG,5,2016,2024,8,False
33,21,12,142,36.0,15.77,115,123.47,0,0,4,10,CJ Jordan,KK/MS/PZ,3,2017,2024,7,False
12,8,3,139,33.0,27.8,80,173.75,0,0,0,7,JP Faulkner,LQ/QG,2,2021,2022,1,False
13,12,2,139,40.0,13.9,134,103.73,0,0,2,8,GD Elliott,LQ/QG,2,2016,2017,1,False
9,9,1,138,65.0,17.25,106,130.18,0,1,1,13,MM Ali,MS,1,2020,2020,0,False
8,8,0,137,47.0,17.12,114,120.17,0,0,0,10,SD Hope,LQ,1,2023,2024,1,False
28,17,8,137,24.0,15.22,123,111.38,0,0,3,8,Hassan Khan,LQ/QG,2,2017,2022,5,False
14,12,5,134,32.0,19.14,127,105.51,0,0,2,12,DJ Bravo,LQ/QG,2,2016,2019,3,False
9,8,0,128,34.0,16.0,103,124.27,0,0,0,17,Rohail Nazir,IU/KK/MS,3,2020,2022,2,False
10,9,0,128,51.0,14.22,98,130.61,0,1,1,15,Muhammad Akhlaq,IU/KK,2,2021,2024,3,False
22,14,5,127,27.0,14.11,88,144.31,0,0,2,9,Amad Butt,IU/PZ,2,2017,2022,5,True
9,8,1,126,51.0,18.0,90,140.0,0,1,0,11,Qasim Akram,KK,1,2021,2023,2,True
75,26,12,125,23.0,8.92,105,119.04,0,0,3,17,Mohammad Amir,KK/QG,2,2016,2024,8,False
13,10,4,115,31.0,19.16,95,121.05,0,0,0,6,AJ Hosein,MS/QG,2,2023,2024,1,False
8,7,2,111,45.0,22.2,86,129.06,0,0,1,7,Danish Aziz,IU/KK/QG,3,2018,2022,4,False
18,12,6,111,22.0,18.5,74,150.0,0,0,0,10,CR Brathwaite,LQ/MS/PZ,3,2019,2024,5,True
5,5,2,110,42.0,36.66,121,90.9,0,0,0,8,Gulraiz Sadaf,LQ,1,2018,2018,0,True
6,5,0,107,37.0,21.4,87,122.98,0,0,0,9,F du Plessis,PZ/QG,2,2020,2021,1,False
6,5,1,106,41.0,26.5,86,123.25,0,0,0,7,JM Cox,IU,1,2024,2024,0,False
3,3,0,104,69.0,34.66,69,150.72,0,1,0,16,AM Rossington,KK,1,2023,2023,0,False
9,9,0,103,49.0,11.44,116,88.79,0,0,1,10,LJ Evans,MS/QG,2,2019,2024,5,False
9,6,1,99,27.0,19.8,97,102.06,0,0,0,9,Shahid Yousuf,PZ,1,2016,2016,0,True
5,5,1,97,41.0,24.25,66,146.96,0,0,0,11,PBB Rajapaksa,PZ,1,2023,2023,0,False
8,8,1,96,31.0,13.71,94,102.12,0,0,0,11,MH Wessels,KK/LQ/PZ,3,2016,2019,3,True
12,12,4,94,29.0,11.75,95,98.94,0,0,3,7,Hammad Azam,LQ/MS/PZ,3,2016,2021,5,False
